,Alfred,Mandy,Lenny,Joan,Tino,F1,F2
Michael Jackson,3.0,,2.0,3.0,1.0,0.16405952881722996,0.2480371844872115
Clint Black,4.0,9.0,5.0,,1.0,-0.20766573249450893,1.4210807527055704
Dropdead,,,8.0,9.0,,0.8823554747593316,0.43607160527189726
Anti-Cimex,4.0,3.0,9.0,4.0,9.0,1.5699982522767915,-0.42920409794484604
Cardi B,4.0,8.0,,9.0,5.0,0.5700413901506545,0.6704513775955663
